<?xml version="1.0" encoding="UTF-8"?>
<metadata xml:lang="en"><Esri><CreaDate>20241012</CreaDate><CreaTime>10271100</CreaTime><ArcGISFormat>1.0</ArcGISFormat><SyncOnce>TRUE</SyncOnce><DataProperties><lineage><Process ToolSource="c:\program files\arcgis\pro\Resources\ArcToolbox\toolboxes\Data Management Tools.tbx\CalculateGeometryAttributes" Date="20241012" Time="102711">CalculateGeometryAttributes Sampel_KebunNilam_Lhoong "Luas AREA" # Hectares # "Same as input"</Process></lineage></DataProperties></Esri></metadata>
